Metric,Value
Accuracy,0.895449808961445
Precision,0.956442831215971
Recall,0.8947368421052632
F1-Score,0.9245614035087719
